<?xml version="1.0" encoding="UTF-8"?>
<project-private xmlns="http://www.netbeans.org/ns/project-private/1">
    <editor-bookmarks xmlns="http://www.netbeans.org/ns/editor-bookmarks/2" lastBookmarkId="0"/>
    <open-files xmlns="http://www.netbeans.org/ns/projectui-open-files/2">
        <group>
            <file>file:/C:/Users/jrhe0/Documents/NetBeansProjects/RPGIngles/src/rpgingles/ModPersonaje.java</file>
            <file>file:/C:/Users/jrhe0/Documents/NetBeansProjects/RPGIngles/src/rpgingles/creacion_personaje.fxml</file>
            <file>file:/C:/Users/jrhe0/Documents/NetBeansProjects/RPGIngles/src/Niveles/AjustesNiveles.fxml</file>
            <file>file:/C:/Users/jrhe0/Documents/NetBeansProjects/RPGIngles/src/rpgingles/Personaje.java</file>
            <file>file:/C:/Users/jrhe0/Documents/NetBeansProjects/RPGIngles/src/Niveles/NivelesDisponibles.java</file>
            <file>file:/C:/Users/jrhe0/Documents/NetBeansProjects/RPGIngles/src/Niveles/NivelesDisponibles.fxml</file>
            <file>file:/C:/Users/jrhe0/Documents/NetBeansProjects/RPGIngles/src/Niveles/Niveles.fxml</file>
            <file>file:/C:/Users/jrhe0/Documents/NetBeansProjects/RPGIngles/src/Niveles/Nivel.java</file>
            <file>file:/C:/Users/jrhe0/Documents/NetBeansProjects/RPGIngles/src/rpgingles/RPGIngles.java</file>
            <file>file:/C:/Users/jrhe0/Documents/NetBeansProjects/RPGIngles/src/Niveles/AjustesNiveles.java</file>
        </group>
    </open-files>
</project-private>
